{
    "enabled": true,
    "spam_detection": {
        "enabled": true,
        "max_messages": 5,
        "time_window": 10,
        "punishment": "mute",
        "duration": 300
    },
    "profanity_filter": {
        "enabled": true,
        "words": [
            "badword1",
            "badword2",
            "profanity"
        ],
        "punishment": "warn"
    },
    "caps_filter": {
        "enabled": true,
        "percentage": 70,
        "min_length": 10,
        "punishment": "delete"
    },
    "invite_filter": {
        "enabled": true,
        "punishment": "delete"
    },
    "link_filter": {
        "enabled": false,
        "whitelist": [
            "discord.com",
            "github.com"
        ],
        "punishment": "delete"
    },
    "mention_spam": {
        "enabled": true,
        "max_mentions": 5,
        "punishment": "warn"
    },
    "exempt_roles": [
        "Moderator",
        "Administrator"
    ],
    "exempt_channels": []
}
